{
    "name": "dasbob",
    "lighting": "none",
    "vendorId": "0xFEED",
    "productId": "0x0000",
    "matrix": {
        "rows": 8,
        "cols": 5
    },
    "layouts": {
        "keymap": [
            [{
                    "x": 3
                },
                "0,3",
                {
                    "x": 7.5
                },
                "4,2"
            ],
            [{
                    "y": -0.75,
                    "x": 2
                },
                "0,2",
                {
                    "x": 1
                },
                "0,4",
                {
                    "x": 5.5
                },
                "4,1"
            ],
            [{
                    "y": -0.9,
                    "x": 9.5
                },
                "4,0"
            ],
            [{
                    "y": -0.3500000000000001,
                    "x": 3
                },
                "1,3",
                {
                    "x": 7.5
                },
                "5,2"
            ],
            [{
                    "y": -0.75,
                    "x": 2
                },
                "1,2",
                {
                    "x": 1
                },
                "1,4",
                {
                    "x": 5.5
                },
                "5,1"
            ],
            [{
                    "y": -0.8999999999999999,
                    "x": 9.5
                },
                "5,0"
            ],
            [{
                    "y": -0.3500000000000001,
                    "x": 3
                },
                "2,3",
                {
                    "x": 7.5
                },
                "6,2"
            ],
            [{
                    "y": -0.75,
                    "x": 2
                },
                "2,2",
                {
                    "x": 1
                },
                "2,4",
                {
                    "x": 5.5
                },
                "6,1"
            ],
            [{
                    "y": -0.8999999999999999,
                    "x": 9.5
                },
                "6,0"
            ],
            [{
                    "r": 8,
                    "rx": 3.75,
                    "ry": 6.5,
                    "y": -2.7,
                    "x": -1
                },
                "3,0"
            ],
            [{
                    "r": 10,
                    "rx": 11.75,
                    "ry": 3.5,
                    "y": -1.25,
                    "x": 0.75
                },
                "6,3"
            ],
            [{
                    "rx": 11.8,
                    "ry": 3.52,
                    "y": -2.27,
                    "x": 0.6999999999999993
                },
                "5,3"
            ],
            [{
                    "rx": 12,
                    "ry": 2.2,
                    "y": -1.9500000000000002,
                    "x": 0.75
                },
                "4,3"
            ],
            [{
                    "r": 15,
                    "rx": 2.5,
                    "ry": 3.75,
                    "y": -3.75,
                    "x": 10.75
                },
                "6,4"
            ],
            [{
                    "rx": 5,
                    "ry": 4.5,
                    "y": -0.2999999999999998,
                    "x": -0.8499999999999996
                },
                "3,1"
            ],
            [{
                    "rx": 14.18,
                    "ry": 3.4,
                    "y": -1.4,
                    "x": -0.4299999999999997
                },
                "5,4"
            ],
            [{
                    "rx": 14.33,
                    "ry": 2.5,
                    "y": -1.5,
                    "x": -0.33000000000000007
                },
                "4,4"
            ],
            [{
                    "r": 25,
                    "rx": 6.28,
                    "ry": 3.7,
                    "y": 1.0499999999999998,
                    "x": -0.5300000000000002
                },
                "3,2"
            ],
            [{
                    "r": -25,
                    "rx": 8.25,
                    "ry": 3.8,
                    "y": 0.9500000000000002,
                    "x": -0.5
                },
                "7,0"
            ],
            [{
                    "r": -15,
                    "rx": 0,
                    "ry": 3.75,
                    "y": -2.5
                },
                "0,0"
            ],
            [{
                    "y": 0.009999999999999787
                },
                "1,0"
            ],
            [{
                    "y": 0.020000000000000018
                },
                "2,0"
            ],
            [{
                    "rx": 9,
                    "ry": 4,
                    "y": 0.20000000000000018,
                    "x": 0.15000000000000036
                },
                "7,1"
            ],
            [{
                    "r": -10,
                    "rx": 0,
                    "ry": 3.5,
                    "y": -2.52,
                    "x": 1
                },
                "0,1"
            ],
            [{
                    "y": 0.010000000000000009,
                    "x": 1
                },
                "1,1"
            ],
            [{
                    "y": 0.009999999999999787,
                    "x": 1
                },
                "2,1"
            ],
            [{
                    "r": -8,
                    "rx": 10,
                    "ry": 5.25,
                    "y": -1.4500000000000002,
                    "x": 0.5
                },
                "7,2"
            ]
        ]
    }
}
